452-083-6804,TELEPHONE
1-869-009-2161,TELEPHONE
167-158-8091 x159,TELEPHONE
1-101-716-6192,TELEPHONE
067-413-8677 x8349,TELEPHONE
1-301-004-4215 x96534,TELEPHONE
1-201-458-9185 x8014,TELEPHONE
421-437-9892 x38398,TELEPHONE
566.821.2425 x98525,TELEPHONE
494-468-4349 x59689,TELEPHONE
(025)783-3631,TELEPHONE
1-877-766-7802 x4277,TELEPHONE
(642)386-7841 x16058,TELEPHONE
421.746.3999,TELEPHONE
(738)565-9121 x8126,TELEPHONE
417.978.3547 x4391,TELEPHONE
(563)555-8670 x913,TELEPHONE
1-225-349-3348 x4993,TELEPHONE
747-716-0212,TELEPHONE
(546)669-3897 x751,TELEPHONE
579-782-2098,TELEPHONE
450-315-1745,TELEPHONE
919-897-5788,TELEPHONE
(218)479-4402 x657,TELEPHONE
101-289-3064 x539,TELEPHONE
(998)230-8991,TELEPHONE
713.174.0698,TELEPHONE
(109)823-6049,TELEPHONE
776-242-1707 x180,TELEPHONE
485.336.4503 x1430,TELEPHONE
468-755-5593 x2783,TELEPHONE
943.078.5168 x997,TELEPHONE
265.552.1714,TELEPHONE
(586)844-4991 x47730,TELEPHONE
(632)954-8736 x58372,TELEPHONE
872.409.5738,TELEPHONE
(708)348-3358 x383,TELEPHONE
(437)301-1232 x0768,TELEPHONE
1-339-908-7163,TELEPHONE
(284)410-3884 x801,TELEPHONE
904-287-4503,TELEPHONE
559-323-0541,TELEPHONE
(494)696-3640 x810,TELEPHONE
854.048.2206,TELEPHONE
193.697.6833,TELEPHONE
(897)524-1056,TELEPHONE
(639)522-7891 x47824,TELEPHONE
112-200-1072 x765,TELEPHONE
977.088.3417,TELEPHONE
1-746-764-8042 x603,TELEPHONE
003.080.2228 x0495,TELEPHONE
1-451-897-9099 x178,TELEPHONE
066-689-5168 x445,TELEPHONE
414-839-1773 x25162,TELEPHONE
483-159-1967 x95096,TELEPHONE
1-895-192-2612,TELEPHONE
1-952-208-5112 x2949,TELEPHONE
1-276-154-9617,TELEPHONE
(406)558-7795 x9272,TELEPHONE
340-789-2078,TELEPHONE
427-485-4245 x30663,TELEPHONE
1-579-574-4435 x6311,TELEPHONE
(636)349-6893,TELEPHONE
511.525.3258,TELEPHONE
468.588.4741 x83679,TELEPHONE
(090)901-8288,TELEPHONE
1-213-651-9070 x13816,TELEPHONE
(814)773-4313,TELEPHONE
166-169-0517,TELEPHONE
1-047-941-3093,TELEPHONE
1-147-283-0021 x8205,TELEPHONE
269.327.1463,TELEPHONE
(991)436-1880 x2057,TELEPHONE
(815)335-0176 x66357,TELEPHONE
482-052-9508 x02828,TELEPHONE
1-387-964-0777 x124,TELEPHONE
1-238-323-4113,TELEPHONE
(404)478-2439 x4199,TELEPHONE
855.713.2436,TELEPHONE
1-082-213-9700,TELEPHONE
1-113-256-1486 x9658,TELEPHONE
1-565-252-8743 x171,TELEPHONE
448-130-6965 x6142,TELEPHONE
1-608-552-9014 x8302,TELEPHONE
626.383.1738,TELEPHONE
143-783-4145 x3800,TELEPHONE
765.974.7224,TELEPHONE
358.306.5606 x664,TELEPHONE
(640)438-4432 x18621,TELEPHONE
329.355.0794,TELEPHONE
(907)064-2214,TELEPHONE
237.988.2189 x73318,TELEPHONE
039.331.9898,TELEPHONE
(858)538-9751,TELEPHONE
464.156.8044 x490,TELEPHONE
314.003.3125 x6979,TELEPHONE
(509)570-7639 x70565,TELEPHONE
880.082.9182,TELEPHONE
297-597-2018 x7588,TELEPHONE
406-375-8976,TELEPHONE
(956)706-1942,TELEPHONE
(977)287-3342,TELEPHONE
319.978.2788 x56944,TELEPHONE
(898)987-5756 x751,TELEPHONE
(906)041-7757 x223,TELEPHONE
1-426-802-9920 x80655,TELEPHONE
1-424-307-9534 x0580,TELEPHONE
(591)978-7897 x050,TELEPHONE
377.619.9003 x249,TELEPHONE
1-707-699-9363 x7210,TELEPHONE
1-307-974-1643,TELEPHONE
928.320.0718 x7664,TELEPHONE
1-663-629-5474 x84749,TELEPHONE
1-519-725-4523 x424,TELEPHONE
1-950-846-6763 x977,TELEPHONE
(258)660-4596,TELEPHONE
559.938.6428 x56142,TELEPHONE
(565)913-8226 x65538,TELEPHONE
(948)283-8266,TELEPHONE
(285)917-3419,TELEPHONE
139.655.7803 x02039,TELEPHONE
525.188.1210 x767,TELEPHONE
1-307-858-1873 x69177,TELEPHONE
737-411-1562 x939,TELEPHONE
244.738.7912,TELEPHONE
1-076-083-6449 x031,TELEPHONE
(755)028-1934,TELEPHONE
784-331-5882,TELEPHONE
(324)966-4826 x8032,TELEPHONE
(397)751-0788,TELEPHONE
(146)978-9463,TELEPHONE
307-518-3167 x75916,TELEPHONE
242.194.1381 x84556,TELEPHONE
806-603-0864 x5967,TELEPHONE
555.911.0599 x2426,TELEPHONE
749-307-3607 x6774,TELEPHONE
414-192-9079 x9200,TELEPHONE
111.739.5099 x8905,TELEPHONE
769.992.1071,TELEPHONE
(635)479-3152,TELEPHONE
015.850.4177 x165,TELEPHONE
(822)803-3839 x329,TELEPHONE
1-828-824-8006 x214,TELEPHONE
796.298.9413,TELEPHONE
216.723.4603,TELEPHONE
823.634.5571,TELEPHONE
725.210.2946 x2078,TELEPHONE
(642)360-0532 x7072,TELEPHONE
678.470.5531 x29489,TELEPHONE
1-373-079-7443 x8262,TELEPHONE
(578)750-7517 x47121,TELEPHONE
419-332-7625 x54595,TELEPHONE
283.581.3166 x2629,TELEPHONE
977-650-9564 x323,TELEPHONE
707-050-2476,TELEPHONE
035.082.9613,TELEPHONE
440.504.0773 x003,TELEPHONE
333.328.3439 x701,TELEPHONE
815-823-3991,TELEPHONE
(805)490-1752 x471,TELEPHONE
(572)880-9285 x79141,TELEPHONE
(084)249-6101 x48157,TELEPHONE
272-640-3590 x3835,TELEPHONE
939.048.5073 x302,TELEPHONE
(559)438-5013,TELEPHONE
1-968-058-5275 x89468,TELEPHONE
755-579-0807 x9685,TELEPHONE
1-677-324-3776 x30842,TELEPHONE
(576)958-5005 x193,TELEPHONE
538.828.2156,TELEPHONE
1-043-701-7845 x370,TELEPHONE
1-071-935-3146,TELEPHONE
(307)696-1931,TELEPHONE
(673)799-1460 x7809,TELEPHONE
184.080.5486,TELEPHONE
1-535-450-6171 x067,TELEPHONE
770.351.6825 x324,TELEPHONE
825.617.8588,TELEPHONE
1-379-424-8600 x2047,TELEPHONE
281-272-9483 x2503,TELEPHONE
1-982-902-1608,TELEPHONE
1-613-574-0093 x7618,TELEPHONE
1-695-079-5363 x28684,TELEPHONE
489.279.0491,TELEPHONE
681-033-7480,TELEPHONE
263-892-7714,TELEPHONE
044-502-7680,TELEPHONE
1-750-864-7627,TELEPHONE
(315)998-3560 x3315,TELEPHONE
(624)356-1900,TELEPHONE
744-140-3917,TELEPHONE
304.412.3119,TELEPHONE
(737)286-7135,TELEPHONE
1-906-843-6505 x056,TELEPHONE
1-549-499-4495 x0646,TELEPHONE
1-294-060-3455,TELEPHONE
222.343.3826,TELEPHONE
(519)700-2564 x832,TELEPHONE
486.088.5032,TELEPHONE
861-629-2365 x07173,TELEPHONE
807.011.4723,TELEPHONE
022.210.1764,TELEPHONE
793.036.0305,TELEPHONE
(739)121-4081 x99058,TELEPHONE
625.010.5015 x48736,TELEPHONE
685-759-9141,TELEPHONE
495-111-2865 x48488,TELEPHONE
872.874.4345 x651,TELEPHONE
1-208-497-5937 x986,TELEPHONE
(313)771-0246 x9634,TELEPHONE
(274)318-7393,TELEPHONE
497-640-0456 x861,TELEPHONE
(220)725-5231,TELEPHONE
883.183.1142 x04886,TELEPHONE
120-922-7218 x42585,TELEPHONE
(436)637-0490,TELEPHONE
(300)412-0260 x3741,TELEPHONE
(557)701-8483 x404,TELEPHONE
1-348-911-6503 x07542,TELEPHONE
849.034.3153,TELEPHONE
097-412-5930,TELEPHONE
647-204-0060,TELEPHONE
183-619-4286,TELEPHONE
(197)072-1488 x0950,TELEPHONE
1-546-959-7584,TELEPHONE
1-205-840-7010 x9305,TELEPHONE
(534)305-8978,TELEPHONE
(797)711-0865,TELEPHONE
(411)660-7884 x7592,TELEPHONE
453-356-3273 x9570,TELEPHONE
1-716-547-9841 x925,TELEPHONE
838.783.1226 x21929,TELEPHONE
092-435-4402,TELEPHONE
1-355-743-8186 x974,TELEPHONE
854.584.0031 x12516,TELEPHONE
803.158.7321 x59778,TELEPHONE
091-773-1523 x6631,TELEPHONE
421.775.8344 x015,TELEPHONE
(803)496-8929 x3405,TELEPHONE
388.313.6066,TELEPHONE
(668)604-5622,TELEPHONE
780-994-8141 x05117,TELEPHONE
110.427.8267 x714,TELEPHONE
1-933-976-2109,TELEPHONE
1-786-128-4792,TELEPHONE
278.596.0237 x7626,TELEPHONE
(495)128-8165,TELEPHONE
261.401.0983 x660,TELEPHONE
360.506.1959 x1820,TELEPHONE
1-756-359-7776 x983,TELEPHONE
1-862-461-4609 x5963,TELEPHONE
834-700-7208 x215,TELEPHONE
(383)583-9291,TELEPHONE
(732)613-3981 x81059,TELEPHONE
379.546.1988,TELEPHONE
661.461.5299 x8418,TELEPHONE
651-824-4555 x652,TELEPHONE
(766)189-7196,TELEPHONE
(509)730-5163 x01906,TELEPHONE
(245)938-7396 x54918,TELEPHONE
227.411.3362 x4586,TELEPHONE
363.488.5028 x16168,TELEPHONE
542-348-1598 x62821,TELEPHONE
(583)626-4231 x95655,TELEPHONE
625.522.0393 x08842,TELEPHONE
(373)380-7963 x1612,TELEPHONE
1-198-581-2201,TELEPHONE
126.771.7540 x080,TELEPHONE
(195)240-8844 x018,TELEPHONE
816-326-2088,TELEPHONE
1-511-930-3454,TELEPHONE
958.257.2721,TELEPHONE
216.017.4646 x4102,TELEPHONE
676-260-9098,TELEPHONE
(859)528-6082 x0973,TELEPHONE
954.867.5470,TELEPHONE
201-400-7296,TELEPHONE
(820)252-8647,TELEPHONE
1-744-209-5841 x000,TELEPHONE
(639)941-5256 x06147,TELEPHONE
048-573-5936,TELEPHONE
204.494.7416,TELEPHONE
(516)792-2871,TELEPHONE
1-245-813-2440 x09237,TELEPHONE
1-560-390-1594 x1592,TELEPHONE
1-514-546-9111,TELEPHONE
161.479.5400,TELEPHONE
474-059-6846 x47097,TELEPHONE
522-662-6974 x146,TELEPHONE
(642)312-0838 x07480,TELEPHONE
(729)519-5264 x196,TELEPHONE
(076)514-1245 x94773,TELEPHONE
231-154-1993 x41003,TELEPHONE
(747)338-8460 x84433,TELEPHONE
(613)516-3732,TELEPHONE
(495)030-2235,TELEPHONE
1-861-601-4940 x79272,TELEPHONE
1-411-379-3253 x68197,TELEPHONE
578-322-2697,TELEPHONE
767.008.9302 x2273,TELEPHONE
(669)473-8420 x954,TELEPHONE
280.225.7893,TELEPHONE
425-751-5398,TELEPHONE
436.453.8208,TELEPHONE
1-778-053-3302,TELEPHONE
1-702-593-7701 x8392,TELEPHONE
1-889-557-2952 x04097,TELEPHONE
(463)482-4476 x4788,TELEPHONE
(104)919-1605 x0990,TELEPHONE
474.796.5984 x4707,TELEPHONE
064-311-0243 x51174,TELEPHONE
1-291-159-2886,TELEPHONE
297.923.8556,TELEPHONE
111.084.6002,TELEPHONE
917.416.4052 x47950,TELEPHONE
1-826-262-5774,TELEPHONE
213-427-7614 x22760,TELEPHONE
1-634-448-9868 x96798,TELEPHONE
1-295-041-4677,TELEPHONE
1-105-112-8836 x36761,TELEPHONE
519-928-1717 x107,TELEPHONE
356.712.0106 x69846,TELEPHONE
(466)524-4705,TELEPHONE
448.121.4871 x5225,TELEPHONE
116-462-3802,TELEPHONE
488-249-0879,TELEPHONE
(709)025-0056 x5977,TELEPHONE
(654)028-7360,TELEPHONE
1-305-418-2483 x71404,TELEPHONE
(848)639-7604 x5422,TELEPHONE
762.339.0010,TELEPHONE
062-520-3166 x8968,TELEPHONE
(483)796-5018,TELEPHONE
674.813.8569 x693,TELEPHONE
842.657.0853,TELEPHONE
441-542-5604 x2821,TELEPHONE
162-349-1757,TELEPHONE
1-146-281-9132 x2370,TELEPHONE
998-602-7684,TELEPHONE
(794)567-5704 x7375,TELEPHONE
695.067.4360 x31319,TELEPHONE
458.931.9301,TELEPHONE
592-562-6623,TELEPHONE
031.884.5421 x38916,TELEPHONE
552-605-4744 x56017,TELEPHONE
497.744.4746,TELEPHONE
(381)230-5089 x5813,TELEPHONE
126-018-9501,TELEPHONE
154.820.9651,TELEPHONE
105-374-6863 x177,TELEPHONE
849.069.7229 x79837,TELEPHONE
1-518-343-2508 x7135,TELEPHONE
1-910-350-0898,TELEPHONE
1-712-807-8869 x0511,TELEPHONE
(542)507-2727 x025,TELEPHONE
(121)079-2302 x4999,TELEPHONE
1-511-402-0274 x4886,TELEPHONE
600.419.8400 x209,TELEPHONE
284-352-3923 x9578,TELEPHONE
561.264.5944,TELEPHONE
(388)165-5437 x988,TELEPHONE
(707)019-3172,TELEPHONE
1-426-770-5829,TELEPHONE
595.284.3342 x97473,TELEPHONE
(445)523-5590 x75739,TELEPHONE
1-316-266-4725 x1626,TELEPHONE
(776)953-8800,TELEPHONE
(742)062-8267 x91086,TELEPHONE
(008)180-1078 x602,TELEPHONE
(516)824-1518,TELEPHONE
274-829-0853,TELEPHONE
056-666-1705 x602,TELEPHONE
703.597.4565 x375,TELEPHONE
072.085.8345 x967,TELEPHONE
440-276-1797 x34821,TELEPHONE
1-481-675-9858 x62098,TELEPHONE
(030)778-8791,TELEPHONE
048.102.3709,TELEPHONE
836-650-6133,TELEPHONE
1-133-518-4812,TELEPHONE
(780)121-4434 x5262,TELEPHONE
1-377-522-8016,TELEPHONE
093-114-1035 x6571,TELEPHONE
753-907-9402 x895,TELEPHONE
140.063.7938,TELEPHONE
(396)824-7004,TELEPHONE
185.092.3083 x3723,TELEPHONE
(211)358-1141,TELEPHONE
(939)240-3547,TELEPHONE
751-940-4008,TELEPHONE
911-658-5312 x067,TELEPHONE
1-951-828-5394 x8160,TELEPHONE
(944)376-4056 x9483,TELEPHONE
(104)979-9229,TELEPHONE
1-994-248-5207 x031,TELEPHONE
413.413.5321 x0613,TELEPHONE
1-306-786-6059 x6044,TELEPHONE
372.678.9109,TELEPHONE
892-415-0828,TELEPHONE
1-955-771-7795,TELEPHONE
1-829-334-2428 x080,TELEPHONE
327-132-8150,TELEPHONE
1-059-553-9811 x2662,TELEPHONE
(533)269-0477 x3143,TELEPHONE
158.922.2598 x2225,TELEPHONE
453-951-7861 x739,TELEPHONE
457-443-6878,TELEPHONE
060-220-6215,TELEPHONE
(522)771-3973 x9987,TELEPHONE
(803)096-0001 x058,TELEPHONE
1-112-802-2871 x26097,TELEPHONE
1-153-937-1468 x8721,TELEPHONE
335.970.3544 x0804,TELEPHONE
151.764.7662 x0459,TELEPHONE
013.685.2908 x56732,TELEPHONE
1-702-234-4518 x7280,TELEPHONE
(102)908-4432 x646,TELEPHONE
890-966-7343 x0536,TELEPHONE
217-515-3814,TELEPHONE
1-569-512-7384 x99367,TELEPHONE
1-212-298-2159,TELEPHONE
239-288-1841,TELEPHONE
1-813-227-3423 x5288,TELEPHONE
(738)791-8697 x74115,TELEPHONE
(824)951-7808 x331,TELEPHONE
329-317-9620 x9139,TELEPHONE
(328)062-1226,TELEPHONE
622-632-1067 x9761,TELEPHONE
120-740-0654,TELEPHONE
1-968-896-6622 x550,TELEPHONE
196.123.9321 x702,TELEPHONE
1-988-006-1399,TELEPHONE
863-235-0566 x495,TELEPHONE
424.613.3694 x726,TELEPHONE
(765)759-9848,TELEPHONE
1-861-629-5271,TELEPHONE
752.165.2143 x800,TELEPHONE
116-371-7376 x96346,TELEPHONE
(248)993-7596,TELEPHONE
861-252-3217 x13776,TELEPHONE
010.396.4683 x393,TELEPHONE
056-746-3079,TELEPHONE
471-570-8414 x408,TELEPHONE
1-046-631-3365 x55028,TELEPHONE
(614)579-6247,TELEPHONE
(834)194-6634 x68224,TELEPHONE
216-061-4175,TELEPHONE
116.671.8058,TELEPHONE
913-927-9675,TELEPHONE
1-327-976-7946,TELEPHONE
213.297.4291,TELEPHONE
624-024-9327 x375,TELEPHONE
(274)006-7957 x99109,TELEPHONE
333.747.4511,TELEPHONE
335.845.2447 x6829,TELEPHONE
1-514-236-4793 x038,TELEPHONE
303.228.5678,TELEPHONE
1-791-966-9834 x7314,TELEPHONE
246-688-2452,TELEPHONE
1-146-756-8360 x12076,TELEPHONE
878.675.2340,TELEPHONE
673-507-3475,TELEPHONE
(536)900-4913 x90576,TELEPHONE
708-284-6305,TELEPHONE
089-140-1782,TELEPHONE
319-950-7299 x926,TELEPHONE
081.998.8358 x89679,TELEPHONE
(368)742-6634,TELEPHONE
1-165-380-2985,TELEPHONE
278.809.9106 x57232,TELEPHONE
588.272.6807 x7347,TELEPHONE
281-395-3311,TELEPHONE
1-131-421-0303 x19283,TELEPHONE
699.658.6334 x426,TELEPHONE
(070)769-1072 x203,TELEPHONE
(312)748-2174,TELEPHONE
1-606-257-7032,TELEPHONE
(667)783-8171,TELEPHONE
1-544-654-2622 x5077,TELEPHONE
050-954-6800 x749,TELEPHONE
1-429-205-5966 x852,TELEPHONE
1-771-154-3472 x9310,TELEPHONE
596-533-4816 x1060,TELEPHONE
1-589-931-5906 x64878,TELEPHONE
643.934.9536 x12683,TELEPHONE
(231)262-4503 x449,TELEPHONE
1-848-041-4064,TELEPHONE
977-869-8577,TELEPHONE
1-724-869-5290,TELEPHONE
763-871-4693 x0646,TELEPHONE
333-213-1869,TELEPHONE
197.767.6306,TELEPHONE
610.270.2358,TELEPHONE
(524)765-5553 x6020,TELEPHONE
318-921-1431,TELEPHONE
(589)037-1634,TELEPHONE
1-583-687-6498,TELEPHONE
1-451-305-7711 x862,TELEPHONE
1-756-414-2862,TELEPHONE
(106)504-5704,TELEPHONE
1-000-193-3616 x543,TELEPHONE
393-538-5990 x320,TELEPHONE
265-147-3786 x30295,TELEPHONE
046-017-5066 x5609,TELEPHONE
230-382-9013 x21128,TELEPHONE
635.323.9069,TELEPHONE
1-947-872-8952,TELEPHONE
211-873-5984,TELEPHONE
607.786.5175 x43546,TELEPHONE
329.631.5390,TELEPHONE
640-103-5381,TELEPHONE
(119)581-2846 x564,TELEPHONE
554.719.4139 x938,TELEPHONE
(212)658-4407 x71584,TELEPHONE
311-558-3723,TELEPHONE
544-740-9173 x541,TELEPHONE
787-187-5595,TELEPHONE
567-070-7961,TELEPHONE
112.275.9777 x494,TELEPHONE
(596)877-3332,TELEPHONE
(943)211-7305 x8176,TELEPHONE
140-192-1026 x0326,TELEPHONE
(837)317-5944,TELEPHONE
036.542.7589,TELEPHONE
1-259-406-2860 x3288,TELEPHONE
987-403-4057 x5075,TELEPHONE
552.197.4868 x97239,TELEPHONE
613-788-5569 x16433,TELEPHONE
1-636-616-9954 x0916,TELEPHONE
679-468-2758 x3207,TELEPHONE
1-314-742-0928,TELEPHONE
095.956.1272,TELEPHONE
746.479.3545,TELEPHONE
(980)475-0974,TELEPHONE
798-283-6645 x511,TELEPHONE
322.239.1178 x62021,TELEPHONE
569.931.3201,TELEPHONE
131.835.9537 x489,TELEPHONE
908.974.5740 x70376,TELEPHONE
416.430.9401,TELEPHONE
1-091-017-3976,TELEPHONE
382-818-3076,TELEPHONE
(686)282-6135 x68379,TELEPHONE
1-651-065-0589,TELEPHONE
1-603-170-5746 x838,TELEPHONE
942-350-2540 x0517,TELEPHONE
209-597-9381 x269,TELEPHONE
(626)657-2255 x1307,TELEPHONE
061-075-3384 x70524,TELEPHONE
890.781.0759 x1897,TELEPHONE
150-407-0815,TELEPHONE
551-557-4084 x1894,TELEPHONE
1-052-377-9523 x34900,TELEPHONE
919.399.0418,TELEPHONE
474-655-1352 x3516,TELEPHONE
1-391-677-5727 x868,TELEPHONE
(585)503-8775 x026,TELEPHONE
1-870-113-5943 x247,TELEPHONE
517-525-3653,TELEPHONE
747-861-4078 x2933,TELEPHONE
136.761.0666,TELEPHONE
020.987.0335,TELEPHONE
1-720-556-1767 x6329,TELEPHONE
316.867.5518 x02216,TELEPHONE
(107)168-8127 x882,TELEPHONE
855-582-2750,TELEPHONE
526.210.8722,TELEPHONE
097-363-0677,TELEPHONE
1-548-402-0528,TELEPHONE
1-895-947-3128,TELEPHONE
1-212-727-2066 x2748,TELEPHONE
(609)291-0879 x86818,TELEPHONE
478.238.7838 x42682,TELEPHONE
941-842-1471 x78239,TELEPHONE
619.242.5224,TELEPHONE
893.718.0211 x7602,TELEPHONE
373.260.2170 x4057,TELEPHONE
1-812-757-7069,TELEPHONE
1-262-031-5093,TELEPHONE
541-837-4110,TELEPHONE
1-454-788-7916,TELEPHONE
002-675-7487 x03235,TELEPHONE
1-872-492-3758,TELEPHONE
1-400-250-2069 x958,TELEPHONE
(036)708-2876,TELEPHONE
581-379-5600 x390,TELEPHONE
923.882.4960 x8235,TELEPHONE
190-907-9002 x24780,TELEPHONE
1-829-577-4639 x98411,TELEPHONE
721-617-2982 x5630,TELEPHONE
(362)515-5544 x25989,TELEPHONE
270.147.4121 x61849,TELEPHONE
(081)974-4014 x515,TELEPHONE
(185)605-0709 x366,TELEPHONE
1-745-287-2382,TELEPHONE
521.560.6385 x5900,TELEPHONE
552-974-6084 x9806,TELEPHONE
(925)730-4303 x2419,TELEPHONE
(548)738-8306 x805,TELEPHONE
480.772.4486 x3333,TELEPHONE
1-040-489-6573 x6167,TELEPHONE
270.972.8402,TELEPHONE
707-657-2382 x2959,TELEPHONE
857.644.7036,TELEPHONE
(429)659-6327,TELEPHONE
352.616.8566 x21023,TELEPHONE
(778)124-2403 x573,TELEPHONE
(361)519-6262,TELEPHONE
023.179.4043 x7835,TELEPHONE
1-834-012-8771 x941,TELEPHONE
476-914-7648,TELEPHONE
351.113.3754 x311,TELEPHONE
(072)281-9197,TELEPHONE
(402)515-5757 x81765,TELEPHONE
1-816-130-4682 x092,TELEPHONE
1-258-255-4057,TELEPHONE
375-267-4605 x970,TELEPHONE
543-579-4458 x267,TELEPHONE
1-853-494-3524,TELEPHONE
709.518.0859 x245,TELEPHONE
819-367-5164,TELEPHONE
854.708.9549 x484,TELEPHONE
1-370-200-0146,TELEPHONE
(596)934-7994 x3571,TELEPHONE
1-076-347-5874 x7139,TELEPHONE
722-868-8626 x2765,TELEPHONE
024.592.2984 x965,TELEPHONE
351-543-0194,TELEPHONE
140.979.7222,TELEPHONE
382-474-9992,TELEPHONE
(371)514-3358 x85955,TELEPHONE
952.518.2524 x08681,TELEPHONE
505.781.6889 x2441,TELEPHONE
(043)844-2713 x70066,TELEPHONE
(570)976-1595 x7760,TELEPHONE
(949)356-1783 x05529,TELEPHONE
(735)017-8067 x488,TELEPHONE
1-156-669-1658 x64254,TELEPHONE
231-383-2006,TELEPHONE
(107)973-9397 x992,TELEPHONE
381-339-1693,TELEPHONE
998.177.2410,TELEPHONE
173.535.3246 x01441,TELEPHONE
(919)075-0669 x7330,TELEPHONE
597.963.1685 x316,TELEPHONE
(003)491-6649 x6353,TELEPHONE
1-622-091-9042 x795,TELEPHONE
328-993-6547,TELEPHONE
1-775-109-0733 x5441,TELEPHONE
735-316-4261 x842,TELEPHONE
520-632-6913,TELEPHONE
(128)446-8612 x2151,TELEPHONE
146-538-4480 x457,TELEPHONE
1-907-052-3983 x84112,TELEPHONE
237-512-7422 x536,TELEPHONE
746.126.5692 x68593,TELEPHONE
840-798-7229 x27622,TELEPHONE
(444)455-6591 x53806,TELEPHONE
1-422-495-4495 x7859,TELEPHONE
700.439.3437 x33636,TELEPHONE
(776)458-2305,TELEPHONE
426-145-4470 x031,TELEPHONE
1-763-143-6952,TELEPHONE
305-379-6382,TELEPHONE
1-765-067-3775,TELEPHONE
(138)275-6584,TELEPHONE
(186)234-9625,TELEPHONE
1-781-165-1814,TELEPHONE
272-573-2481 x467,TELEPHONE
255.455.9063 x6306,TELEPHONE
(043)324-7486 x330,TELEPHONE
1-372-698-9578 x1235,TELEPHONE
(779)636-4641,TELEPHONE
(055)436-1394 x028,TELEPHONE
278.990.2402,TELEPHONE
1-659-227-2611,TELEPHONE
1-490-740-5242,TELEPHONE
417.035.3982 x0706,TELEPHONE
156-136-7343 x7230,TELEPHONE
671-164-6872 x7108,TELEPHONE
946.649.8460 x9275,TELEPHONE
473.778.2819 x9789,TELEPHONE
550-916-9287,TELEPHONE
524.482.2590,TELEPHONE
128-594-4638 x218,TELEPHONE
1-348-203-6354 x886,TELEPHONE
1-227-702-7714,TELEPHONE
(493)061-2455,TELEPHONE
(278)076-7174 x86464,TELEPHONE
572.098.3144 x7051,TELEPHONE
(141)242-4200 x29657,TELEPHONE
(536)508-7142 x326,TELEPHONE
(119)600-3851,TELEPHONE
945-713-8476 x51457,TELEPHONE
1-764-998-8517 x93613,TELEPHONE
1-542-250-4499,TELEPHONE
(925)330-3961 x349,TELEPHONE
1-637-742-9204 x6388,TELEPHONE
228-860-0171 x02105,TELEPHONE
954-720-4133,TELEPHONE
(116)581-7365 x298,TELEPHONE
(718)036-5944 x1565,TELEPHONE
113.876.2099 x5431,TELEPHONE
851.236.1454,TELEPHONE
1-166-924-6626,TELEPHONE
(902)624-3163 x2981,TELEPHONE
(511)167-4333 x858,TELEPHONE
931.977.5390,TELEPHONE
091-472-0743 x9410,TELEPHONE
(003)164-0003 x16526,TELEPHONE
(958)634-3432,TELEPHONE
(184)815-8170,TELEPHONE
1-626-084-7613,TELEPHONE
510-755-2689,TELEPHONE
(995)664-2184 x750,TELEPHONE
435-734-0586 x399,TELEPHONE
099-450-9631 x013,TELEPHONE
492-987-2137,TELEPHONE
1-638-258-8005 x243,TELEPHONE
308-366-4113 x5290,TELEPHONE
1-769-558-0431,TELEPHONE
1-229-538-3835,TELEPHONE
(682)469-6706 x4393,TELEPHONE
1-059-430-3883 x563,TELEPHONE
1-832-471-6302 x289,TELEPHONE
022-655-1575,TELEPHONE
645.467.3271 x04750,TELEPHONE
(878)014-4181 x83434,TELEPHONE
1-135-079-0922 x7492,TELEPHONE
(014)551-4912,TELEPHONE
475-816-1080 x079,TELEPHONE
1-571-163-9938 x9663,TELEPHONE
(181)563-1100 x9668,TELEPHONE
768-825-1913,TELEPHONE
1-908-346-3297,TELEPHONE
819.161.0507,TELEPHONE
1-026-378-2499 x4492,TELEPHONE
1-612-704-7826,TELEPHONE
(244)025-2542 x711,TELEPHONE
137-950-1300,TELEPHONE
927.687.1910 x043,TELEPHONE
(566)858-6223 x3929,TELEPHONE
(347)393-5392,TELEPHONE
(968)826-4018 x996,TELEPHONE
219-305-3407 x6883,TELEPHONE
(399)294-0204 x197,TELEPHONE
(012)703-0853 x037,TELEPHONE
091-768-7115 x1342,TELEPHONE
499-294-8523 x91034,TELEPHONE
(579)818-2764,TELEPHONE
(545)945-2843 x6047,TELEPHONE
396-604-4363,TELEPHONE
410-247-8604 x0781,TELEPHONE
528-765-0476 x8356,TELEPHONE
(721)986-7448 x58898,TELEPHONE
(022)025-8224,TELEPHONE
1-424-719-1094 x572,TELEPHONE
456.164.4436 x83557,TELEPHONE
976-284-1711 x19093,TELEPHONE
570-987-2061,TELEPHONE
084.819.1554 x56569,TELEPHONE
357.246.4387,TELEPHONE
1-935-177-7684,TELEPHONE
(839)482-6768,TELEPHONE
1-778-545-1034,TELEPHONE
359.248.1273,TELEPHONE
1-635-812-3101 x042,TELEPHONE
1-961-949-1818 x64676,TELEPHONE
557-619-9492,TELEPHONE
1-806-992-4546 x92712,TELEPHONE
(647)603-3279 x0047,TELEPHONE
1-694-938-5254,TELEPHONE
896.588.4284 x927,TELEPHONE
(788)138-6907 x5744,TELEPHONE
695.108.9710,TELEPHONE
(505)341-2269,TELEPHONE
1-453-753-4218 x9932,TELEPHONE
490.804.4407 x59964,TELEPHONE
(090)627-6480,TELEPHONE
773-954-9800,TELEPHONE
(821)137-3008,TELEPHONE
672-662-8790 x5784,TELEPHONE
852.216.4040,TELEPHONE
(949)691-2221 x9961,TELEPHONE
1-238-179-9319 x27479,TELEPHONE
853-402-9536,TELEPHONE
242-641-0697 x3442,TELEPHONE
(867)827-5435,TELEPHONE
(117)919-1749 x959,TELEPHONE
872-724-9151 x422,TELEPHONE
(711)509-2823,TELEPHONE
1-508-799-7031 x054,TELEPHONE
800.397.1092 x638,TELEPHONE
1-411-807-3002,TELEPHONE
(668)413-5502 x9931,TELEPHONE
1-759-898-4384 x68264,TELEPHONE
802.043.5070 x6810,TELEPHONE
1-902-786-4769,TELEPHONE
044.675.8253 x439,TELEPHONE
1-377-404-0223 x670,TELEPHONE
577-650-0571 x676,TELEPHONE
1-444-049-4361 x495,TELEPHONE
704-857-5575,TELEPHONE
1-079-185-4609 x622,TELEPHONE
1-529-254-3190 x2480,TELEPHONE
(602)659-5214,TELEPHONE
977.289.4621,TELEPHONE
662-153-2836,TELEPHONE
010.414.2807,TELEPHONE
758-130-4129 x477,TELEPHONE
(640)063-5678 x5115,TELEPHONE
849.541.8694,TELEPHONE
(387)914-7106 x28095,TELEPHONE
356.142.5213,TELEPHONE
580.959.9404,TELEPHONE
(780)400-1509,TELEPHONE
386.483.0935 x8275,TELEPHONE
023.306.4262 x671,TELEPHONE
(559)867-5026,TELEPHONE
1-639-206-2174,TELEPHONE
417.458.2303,TELEPHONE
(780)142-8475 x578,TELEPHONE
1-973-669-0539,TELEPHONE
710-115-9096 x9363,TELEPHONE
(856)802-7821 x810,TELEPHONE
1-581-208-3783 x061,TELEPHONE
1-061-650-0819,TELEPHONE
904-712-2809,TELEPHONE
510-731-9419,TELEPHONE
040-407-2337 x02643,TELEPHONE
635.550.5556 x72794,TELEPHONE
(917)105-6658 x974,TELEPHONE
(010)679-2288,TELEPHONE
1-038-090-8343,TELEPHONE
(368)810-9355 x5362,TELEPHONE
(247)106-7698 x885,TELEPHONE
(203)882-6712,TELEPHONE
1-064-065-5341,TELEPHONE
1-177-971-9023,TELEPHONE
(030)795-7167,TELEPHONE
598-946-1890 x04773,TELEPHONE
900.450.4930 x575,TELEPHONE
(275)642-7310 x60874,TELEPHONE
720.953.2889 x035,TELEPHONE
1-246-618-8507,TELEPHONE
742.958.4805 x760,TELEPHONE
1-615-804-4795 x4488,TELEPHONE
867-747-2560,TELEPHONE
1-203-157-0587 x6499,TELEPHONE
1-947-654-4066,TELEPHONE
1-286-686-3976,TELEPHONE
(335)772-8373 x99914,TELEPHONE
1-029-955-8986 x600,TELEPHONE
1-991-625-1613 x7350,TELEPHONE
1-660-887-4313,TELEPHONE
1-313-810-9679 x46242,TELEPHONE
(658)990-1913,TELEPHONE
(299)440-9602 x0986,TELEPHONE
045-681-0964,TELEPHONE
051.371.3858 x30180,TELEPHONE
518.838.2934 x652,TELEPHONE
037-860-1731 x693,TELEPHONE
(310)503-8117 x203,TELEPHONE
699-958-7435,TELEPHONE
039-685-3907 x540,TELEPHONE
687-263-7036 x820,TELEPHONE
980.211.9297 x331,TELEPHONE
626.238.3279 x66925,TELEPHONE
634.987.1355 x31499,TELEPHONE
035.823.3803 x037,TELEPHONE
(633)814-6000 x2531,TELEPHONE
751-141-4992 x42113,TELEPHONE
1-492-884-6842,TELEPHONE
415.348.2872 x5221,TELEPHONE
(789)918-9443 x92940,TELEPHONE
909.098.8097 x36826,TELEPHONE
931.362.3775 x11947,TELEPHONE
031-386-0220 x767,TELEPHONE
309.583.5734 x61386,TELEPHONE
895.174.7166,TELEPHONE
506-439-9597,TELEPHONE
(670)302-9243 x1053,TELEPHONE
879.491.3709 x2571,TELEPHONE
122.809.4311 x0347,TELEPHONE
1-014-027-3843,TELEPHONE
196-759-0342,TELEPHONE
553.761.5105 x503,TELEPHONE
599-369-4382,TELEPHONE
010-923-8218 x24359,TELEPHONE
788.880.0196 x5475,TELEPHONE
1-863-843-3626 x5971,TELEPHONE
(595)825-5183 x449,TELEPHONE
1-570-063-0068 x7263,TELEPHONE
(770)948-0175 x67296,TELEPHONE
1-296-311-5774,TELEPHONE
1-526-214-7267 x213,TELEPHONE
1-233-310-5552,TELEPHONE
1-232-045-0940,TELEPHONE
1-514-640-0961 x8126,TELEPHONE
036-336-1434 x483,TELEPHONE
(301)436-4979 x085,TELEPHONE
1-900-353-3869,TELEPHONE
622-084-8286 x5761,TELEPHONE
203-560-4577 x152,TELEPHONE
049.702.3259 x235,TELEPHONE
815.502.8409,TELEPHONE
(417)838-7861,TELEPHONE
1-263-352-9914,TELEPHONE
1-917-345-9726,TELEPHONE
609-355-7520,TELEPHONE
(622)816-9440,TELEPHONE
1-341-729-9782,TELEPHONE
891.597.5917 x6342,TELEPHONE
(725)070-3069 x730,TELEPHONE
571.786.2294 x509,TELEPHONE
1-948-406-3568 x120,TELEPHONE
1-655-587-1087 x4172,TELEPHONE
358.695.4481 x67697,TELEPHONE
034.043.5387 x8896,TELEPHONE
308-472-5718 x5626,TELEPHONE
1-930-749-9145 x9706,TELEPHONE
311.204.3365,TELEPHONE
116.073.9039 x0027,TELEPHONE
686-069-0663 x5915,TELEPHONE
987-576-5993 x4940,TELEPHONE
1-037-079-9255 x343,TELEPHONE
(317)635-4134 x210,TELEPHONE
(496)084-6809 x6517,TELEPHONE
149-752-1883 x928,TELEPHONE
949-675-4281,TELEPHONE
608.714.5742,TELEPHONE
1-329-220-4122,TELEPHONE
215-562-3499 x9029,TELEPHONE
291-971-3167,TELEPHONE
(109)912-1850,TELEPHONE
(812)677-9401 x76217,TELEPHONE
418.994.6079,TELEPHONE
052-973-1880,TELEPHONE
535-794-4950 x3220,TELEPHONE
1-447-934-2425,TELEPHONE
313.601.7129 x57109,TELEPHONE
(775)578-2392 x70405,TELEPHONE
223.448.2763,TELEPHONE
537-634-5180,TELEPHONE
288.124.8401,TELEPHONE
992-265-2174 x1227,TELEPHONE
1-665-412-3585,TELEPHONE
1-035-993-5940,TELEPHONE
(303)239-0554 x005,TELEPHONE
1-750-490-3139 x52999,TELEPHONE
750.453.8112 x6833,TELEPHONE
432.529.2433,TELEPHONE
1-097-661-8479 x382,TELEPHONE
1-301-167-0256,TELEPHONE
(727)183-0070,TELEPHONE
631-556-6608,TELEPHONE
019-647-1869 x231,TELEPHONE
(652)992-3230,TELEPHONE
1-694-254-7540 x8498,TELEPHONE
(562)054-7292,TELEPHONE
049-680-0811,TELEPHONE
164.583.8639 x57486,TELEPHONE
1-382-618-0952,TELEPHONE
844-288-1462 x17484,TELEPHONE
1-327-112-3702,TELEPHONE
914-775-3470,TELEPHONE
1-333-641-2990,TELEPHONE
653.225.0317 x91001,TELEPHONE
276.398.1147 x302,TELEPHONE
754.031.0688,TELEPHONE
1-752-654-6058 x5433,TELEPHONE
036.816.1695,TELEPHONE
1-878-584-1348 x7850,TELEPHONE
1-533-729-2428 x800,TELEPHONE
(427)575-5208 x409,TELEPHONE
1-639-781-4890 x2882,TELEPHONE
335.129.3789,TELEPHONE
(406)087-8371 x457,TELEPHONE
(649)562-0032,TELEPHONE
383.563.7611,TELEPHONE
920.889.0234 x989,TELEPHONE
1-250-990-9178,TELEPHONE
913.611.8254,TELEPHONE
839-980-6193 x224,TELEPHONE
1-852-746-6996,TELEPHONE
708-842-4979,TELEPHONE
1-565-052-7895,TELEPHONE
551.671.2442 x92286,TELEPHONE
363.390.1349 x86044,TELEPHONE
662-823-8400 x78775,TELEPHONE
941-131-9282,TELEPHONE
1-304-343-0582,TELEPHONE
040.874.8905,TELEPHONE
1-462-264-1031,TELEPHONE
209-896-6403,TELEPHONE
1-316-216-1832 x963,TELEPHONE
910.598.9037 x0898,TELEPHONE
1-391-678-5361,TELEPHONE
005-020-9139,TELEPHONE
003-380-3955,TELEPHONE